Shipment ID	FBA15BWT9Z23
Name	FBA (01.06.18 13:48) - 1
Plan ID	PLN17G6WW0
Ship To	Amazon Fulfillment Center, Via della Meccanica snc, Passo Corese (RI), Rieti, IT, 02032
Total SKUs	32
Total Units	723
Pack list	1 di 1

Merchant SKU	Title	ASIN	FNSKU	external-id	Condition	Who Will Prep?	Prep Type	Who Will Label?	Shipped	FBA15BWT9Z23U001 - Unit Quantity	FBA15BWT9Z23U001 Expiration Date (dd.mm.yy)	FBA15BWT9Z23U002 - Unit Quantity	FBA15BWT9Z23U002 Expiration Date (dd.mm.yy)	FBA15BWT9Z23U003 - Unit Quantity	FBA15BWT9Z23U003 Expiration Date (dd.mm.yy)	FBA15BWT9Z23U004 - Unit Quantity	FBA15BWT9Z23U004 Expiration Date (dd.mm.yy)	FBA15BWT9Z23U005 - Unit Quantity	FBA15BWT9Z23U005 Expiration Date (dd.mm.yy)	FBA15BWT9Z23U006 - Unit Quantity	FBA15BWT9Z23U006 Expiration Date (dd.mm.yy)	FBA15BWT9Z23U007 - Unit Quantity	FBA15BWT9Z23U007 Expiration Date (dd.mm.yy)	FBA15BWT9Z23U008 - Unit Quantity	FBA15BWT9Z23U008 Expiration Date (dd.mm.yy)	FBA15BWT9Z23U009 - Unit Quantity	FBA15BWT9Z23U009 Expiration Date (dd.mm.yy)	FBA15BWT9Z23U010 - Unit Quantity	FBA15BWT9Z23U010 Expiration Date (dd.mm.yy)	FBA15BWT9Z23U011 - Unit Quantity	FBA15BWT9Z23U011 Expiration Date (dd.mm.yy)	FBA15BWT9Z23U012 - Unit Quantity	FBA15BWT9Z23U012 Expiration Date (dd.mm.yy)	FBA15BWT9Z23U013 - Unit Quantity	FBA15BWT9Z23U013 Expiration Date (dd.mm.yy)	FBA15BWT9Z23U014 - Unit Quantity	FBA15BWT9Z23U014 Expiration Date (dd.mm.yy)	FBA15BWT9Z23U015 - Unit Quantity	FBA15BWT9Z23U015 Expiration Date (dd.mm.yy)	FBA15BWT9Z23U016 - Unit Quantity	FBA15BWT9Z23U016 Expiration Date (dd.mm.yy)	FBA15BWT9Z23U017 - Unit Quantity	FBA15BWT9Z23U017 Expiration Date (dd.mm.yy)	FBA15BWT9Z23U018 - Unit Quantity	FBA15BWT9Z23U018 Expiration Date (dd.mm.yy)	FBA15BWT9Z23U019 - Unit Quantity	FBA15BWT9Z23U019 Expiration Date (dd.mm.yy)	FBA15BWT9Z23U020 - Unit Quantity	FBA15BWT9Z23U020 Expiration Date (dd.mm.yy)	FBA15BWT9Z23U021 - Unit Quantity	FBA15BWT9Z23U021 Expiration Date (dd.mm.yy)	FBA15BWT9Z23U022 - Unit Quantity	FBA15BWT9Z23U022 Expiration Date (dd.mm.yy)	FBA15BWT9Z23U023 - Unit Quantity	FBA15BWT9Z23U023 Expiration Date (dd.mm.yy)	FBA15BWT9Z23U024 - Unit Quantity	FBA15BWT9Z23U024 Expiration Date (dd.mm.yy)	FBA15BWT9Z23U025 - Unit Quantity	FBA15BWT9Z23U025 Expiration Date (dd.mm.yy)	FBA15BWT9Z23U026 - Unit Quantity	FBA15BWT9Z23U026 Expiration Date (dd.mm.yy)	FBA15BWT9Z23U027 - Unit Quantity	FBA15BWT9Z23U027 Expiration Date (dd.mm.yy)	FBA15BWT9Z23U028 - Unit Quantity	FBA15BWT9Z23U028 Expiration Date (dd.mm.yy)	FBA15BWT9Z23U029 - Unit Quantity	FBA15BWT9Z23U029 Expiration Date (dd.mm.yy)	FBA15BWT9Z23U030 - Unit Quantity	FBA15BWT9Z23U030 Expiration Date (dd.mm.yy)	FBA15BWT9Z23U031 - Unit Quantity	FBA15BWT9Z23U031 Expiration Date (dd.mm.yy)	FBA15BWT9Z23U032 - Unit Quantity	FBA15BWT9Z23U032 Expiration Date (dd.mm.yy)	FBA15BWT9Z23U033 - Unit Quantity	FBA15BWT9Z23U033 Expiration Date (dd.mm.yy)	FBA15BWT9Z23U034 - Unit Quantity	FBA15BWT9Z23U034 Expiration Date (dd.mm.yy)	FBA15BWT9Z23U035 - Unit Quantity	FBA15BWT9Z23U035 Expiration Date (dd.mm.yy)	FBA15BWT9Z23U036 - Unit Quantity	FBA15BWT9Z23U036 Expiration Date (dd.mm.yy)	FBA15BWT9Z23U037 - Unit Quantity	FBA15BWT9Z23U037 Expiration Date (dd.mm.yy)	FBA15BWT9Z23U038 - Unit Quantity	FBA15BWT9Z23U038 Expiration Date (dd.mm.yy)
61-XJMG-M7XL	HP 17 BII+ Calcolatrice	B000P7UXYQ	X000O9EOLB	EAN : 0882780681576	Nuovo	"--"	"--"	Venditore	3		Not Needed		Not Needed		Not Needed		Not Needed		Not Needed		Not Needed		Not Needed		Not Needed		Not Needed		Not Needed		Not Needed		Not Needed		Not Needed		Not Needed		Not Needed		Not Needed		Not Needed		Not Needed		Not Needed		Not Needed		Not Needed		Not Needed		Not Needed		Not Needed		Not Needed		Not Needed		Not Needed		Not Needed		Not Needed		Not Needed		Not Needed		Not Needed		Not Needed		Not Needed		Not Needed		Not Needed		Not Needed		Not Needed
8N-26UM-0OMA	HP Hp 20B	B0026OJIN8	X000PCGIST	EAN : 0883585875382	Nuovo	"--"	"--"	Venditore	1		Not Needed		Not Needed		Not Needed		Not Needed		Not Needed		Not Needed		Not Needed		Not Needed		Not Needed		Not Needed		Not Needed		Not Needed		Not Needed		Not Needed		Not Needed		Not Needed		Not Needed		Not Needed		Not Needed		Not Needed		Not Needed		Not Needed		Not Needed		Not Needed		Not Needed		Not Needed		Not Needed		Not Needed		Not Needed		Not Needed		Not Needed		Not Needed		Not Needed		Not Needed		Not Needed		Not Needed		Not Needed		Not Needed
FBA-12854012	Epson C13T12854012 Cartuccia Inkjet Ink Pigmentato, Blister RS Volpe-M T1285, Confezione da 4, Nero/Ciano/Magenta/Giallo, Imballaggio Standard	B003MVJ36Q	X000U9BKD5	EAN : 8715946469003	Nuovo	"--"	"--"	Venditore	17																																																																												
FBA-AGE-500870	Aigostar Eve 30GON - Bollitore d'acqua in vetro borosilicato con illuminazione a LED. 2200W, 1.7L e Color Bianca. Protezione Boil-dry. BPA FREE. Design Esclusivo.	B01CUECL00	X000RB4XIF	EAN : 8433325500870	Nuovo	"--"	"--"	Venditore	5		Not Needed		Not Needed		Not Needed		Not Needed		Not Needed		Not Needed		Not Needed		Not Needed		Not Needed		Not Needed		Not Needed		Not Needed		Not Needed		Not Needed		Not Needed		Not Needed		Not Needed		Not Needed		Not Needed		Not Needed		Not Needed		Not Needed		Not Needed		Not Needed		Not Needed		Not Needed		Not Needed		Not Needed		Not Needed		Not Needed		Not Needed		Not Needed		Not Needed		Not Needed		Not Needed		Not Needed		Not Needed		Not Needed
FBA-AST_10453B_16080	My Custom Style® Telo mare "#SummerTime #Unicorno", in microfibra vellutata, per spiaggia palestra piscina o tempo libero . Formato da 160x80cm. L'asciugamano è personalizzato, con la grafica scelta, utilizzando una stampa sublimatica full print ad alta risoluzione, per un risultato bello e duraturo.	B07D63MJKL	X000UV6I2L		Nuovo	"--"	"--"	Venditore	5		Not Needed		Not Needed		Not Needed		Not Needed		Not Needed		Not Needed		Not Needed		Not Needed		Not Needed		Not Needed		Not Needed		Not Needed		Not Needed		Not Needed		Not Needed		Not Needed		Not Needed		Not Needed		Not Needed		Not Needed		Not Needed		Not Needed		Not Needed		Not Needed		Not Needed		Not Needed		Not Needed		Not Needed		Not Needed		Not Needed		Not Needed		Not Needed		Not Needed		Not Needed		Not Needed		Not Needed		Not Needed		Not Needed
FBA-AST_10558_16080	My Custom Style® Telo mare modello "Vintage - We can do it", in microfibra vellutata, per spiaggia palestra piscina o tempo libero . Formato da 160x80cm. L'asciugamano è personalizzato, con la grafica scelta, utilizzando una stampa sublimatica full print ad alta risoluzione, per un risultato bello e duraturo.	B073JKZG5C	X000UVEYIL		Nuovo	"--"	"--"	Venditore	1		Not Needed		Not Needed		Not Needed		Not Needed		Not Needed		Not Needed		Not Needed		Not Needed		Not Needed		Not Needed		Not Needed		Not Needed		Not Needed		Not Needed		Not Needed		Not Needed		Not Needed		Not Needed		Not Needed		Not Needed		Not Needed		Not Needed		Not Needed		Not Needed		Not Needed		Not Needed		Not Needed		Not Needed		Not Needed		Not Needed		Not Needed		Not Needed		Not Needed		Not Needed		Not Needed		Not Needed		Not Needed		Not Needed
FBA-AST_10580_16080	My Custom Style® Telo mare modello "Mare - Spiaggia", in microfibra vellutata, per spiaggia palestra piscina o tempo libero . Formato da 160x80cm. L'asciugamano è personalizzato, con la grafica scelta, utilizzando una stampa sublimatica full print ad alta risoluzione, per un risultato bello e duraturo.	B073JMPD2P	X000UUUCXX		Nuovo	"--"	"--"	Venditore	1		Not Needed		Not Needed		Not Needed		Not Needed		Not Needed		Not Needed		Not Needed		Not Needed		Not Needed		Not Needed		Not Needed		Not Needed		Not Needed		Not Needed		Not Needed		Not Needed		Not Needed		Not Needed		Not Needed		Not Needed		Not Needed		Not Needed		Not Needed		Not Needed		Not Needed		Not Needed		Not Needed		Not Needed		Not Needed		Not Needed		Not Needed		Not Needed		Not Needed		Not Needed		Not Needed		Not Needed		Not Needed		Not Needed
FBA-PD_3950_16	My Custom Style® Pen Drive USB "Coin Card" tonda (diametro 4,3cm) ultrapiatta (0,3mm) modello "volley" da 16Gb. Non accontentarTi della solita banale Pen Drive !	B01MYCIJRB	X000UVJJNV		Nuovo	"--"	"--"	Venditore	1		Not Needed		Not Needed		Not Needed		Not Needed		Not Needed		Not Needed		Not Needed		Not Needed		Not Needed		Not Needed		Not Needed		Not Needed		Not Needed		Not Needed		Not Needed		Not Needed		Not Needed		Not Needed		Not Needed		Not Needed		Not Needed		Not Needed		Not Needed		Not Needed		Not Needed		Not Needed		Not Needed		Not Needed		Not Needed		Not Needed		Not Needed		Not Needed		Not Needed		Not Needed		Not Needed		Not Needed		Not Needed		Not Needed
FBA-SHOP_5P_1	Set df 5 borse in Cotone, bianco naturale, 38x42cm	B001JPPEI8	X000RZ8DU5	EAN : 4260081542790	Nuovo	"--"	"--"	Venditore	10		Not Needed		Not Needed		Not Needed		Not Needed		Not Needed		Not Needed		Not Needed		Not Needed		Not Needed		Not Needed		Not Needed		Not Needed		Not Needed		Not Needed		Not Needed		Not Needed		Not Needed		Not Needed		Not Needed		Not Needed		Not Needed		Not Needed		Not Needed		Not Needed		Not Needed		Not Needed		Not Needed		Not Needed		Not Needed		Not Needed		Not Needed		Not Needed		Not Needed		Not Needed		Not Needed		Not Needed		Not Needed		Not Needed
FBA-SHOP_T019_30_1	STOCK 30 PEZZI Borsa shopper shopping in cotone naturale	B01I06ZE6K	X000UDPO6P	EAN : 7425752554527	Nuovo	"--"	"--"	Venditore	5		Not Needed		Not Needed		Not Needed		Not Needed		Not Needed		Not Needed		Not Needed		Not Needed		Not Needed		Not Needed		Not Needed		Not Needed		Not Needed		Not Needed		Not Needed		Not Needed		Not Needed		Not Needed		Not Needed		Not Needed		Not Needed		Not Needed		Not Needed		Not Needed		Not Needed		Not Needed		Not Needed		Not Needed		Not Needed		Not Needed		Not Needed		Not Needed		Not Needed		Not Needed		Not Needed		Not Needed		Not Needed		Not Needed
FBA-T0134012	Epson T0713 Serie Ghepardo Cartuccia Originale, Magenta	B000H2NGFM	X000U8SH0P	EAN : 4054189146246	Nuovo	"--"	"--"	Venditore	20																																																																												
FBA-T019_50A	SCONTO 40% PER CONFEZIONE DA 50 PEZZI - BORSE SHOPPER IN TESSUTO DI COTONE NATURALE CM 38x42	B00Q8SLQ5Q	X000TPXIIZ	EAN : 8211070066335	Nuovo	"--"	"--"	Venditore	5		Not Needed		Not Needed		Not Needed		Not Needed		Not Needed		Not Needed		Not Needed		Not Needed		Not Needed		Not Needed		Not Needed		Not Needed		Not Needed		Not Needed		Not Needed		Not Needed		Not Needed		Not Needed		Not Needed		Not Needed		Not Needed		Not Needed		Not Needed		Not Needed		Not Needed		Not Needed		Not Needed		Not Needed		Not Needed		Not Needed		Not Needed		Not Needed		Not Needed		Not Needed		Not Needed		Not Needed		Not Needed		Not Needed
FBA-T07154012	Epson T0715 Serie Ghepardo Cartuccia Originale, Multipack, 4 Colori	B000HL9WYC	X000U9ECLH	EAN : 4054189127443	Nuovo	"--"	"--"	Venditore	30																																																																												
FBA-T129540	Epson C13T12954012 Cartuccia Inkjet Ink Pigmentato Blister RS Mela-L T1295, Confezione da 4: Nero/Ciano/Magenta/Giallo	B003MVJ5FU	X000U9ANR9	EAN : 3663361117052	Nuovo	"--"	"--"	Venditore	16		Not Needed		Not Needed		Not Needed		Not Needed		Not Needed		Not Needed		Not Needed		Not Needed		Not Needed		Not Needed		Not Needed		Not Needed		Not Needed		Not Needed		Not Needed		Not Needed		Not Needed		Not Needed		Not Needed		Not Needed		Not Needed		Not Needed		Not Needed		Not Needed		Not Needed		Not Needed		Not Needed		Not Needed		Not Needed		Not Needed		Not Needed		Not Needed		Not Needed		Not Needed		Not Needed		Not Needed		Not Needed		Not Needed
FBA_AGE-500351	Aigostar Breath 30CFR - Macina caffè elettrica a doppio contatto con lame in acciaio inossidabile, Macina chicchi di caffè, spezie, frutta a guscio e grano, coperchio trasparente, capacità di 60g, 150 Watt, BPA Free, Nero.	B015NDLLJ2	X000Q5DXLF	EAN : 8433325500351	Nuovo	"--"	"--"	Venditore	5		Not Needed		Not Needed		Not Needed		Not Needed		Not Needed		Not Needed		Not Needed		Not Needed		Not Needed		Not Needed		Not Needed		Not Needed		Not Needed		Not Needed		Not Needed		Not Needed		Not Needed		Not Needed		Not Needed		Not Needed		Not Needed		Not Needed		Not Needed		Not Needed		Not Needed		Not Needed		Not Needed		Not Needed		Not Needed		Not Needed		Not Needed		Not Needed		Not Needed		Not Needed		Not Needed		Not Needed		Not Needed		Not Needed
FBA_AGE-500948	Aigostar Steel Purple 31HFZ - Ferro da stiro in acciaio inox antiaderente con controllo variabile a vapore. Sistema antigoccia e autopulizia, 2200W, 320ml. Design Esclusivo.	B01GOC7O4C	X000Q4XY3X	EAN : 8433325500948	Nuovo	"--"	"--"	Venditore	2		Not Needed		Not Needed		Not Needed		Not Needed		Not Needed		Not Needed		Not Needed		Not Needed		Not Needed		Not Needed		Not Needed		Not Needed		Not Needed		Not Needed		Not Needed		Not Needed		Not Needed		Not Needed		Not Needed		Not Needed		Not Needed		Not Needed		Not Needed		Not Needed		Not Needed		Not Needed		Not Needed		Not Needed		Not Needed		Not Needed		Not Needed		Not Needed		Not Needed		Not Needed		Not Needed		Not Needed		Not Needed		Not Needed
FBA_AGE-501075	Aigostar Rita 32HGT - Piastra per capelli con rivestimento in ceramica, Potenza 45W Design e Garanzia esclusivi Aigostar	B01HIF8YLG	X000Q5099J	EAN : 8433325501075	Nuovo	"--"	"--"	Venditore	3		Not Needed		Not Needed		Not Needed		Not Needed		Not Needed		Not Needed		Not Needed		Not Needed		Not Needed		Not Needed		Not Needed		Not Needed		Not Needed		Not Needed		Not Needed		Not Needed		Not Needed		Not Needed		Not Needed		Not Needed		Not Needed		Not Needed		Not Needed		Not Needed		Not Needed		Not Needed		Not Needed		Not Needed		Not Needed		Not Needed		Not Needed		Not Needed		Not Needed		Not Needed		Not Needed		Not Needed		Not Needed		Not Needed
FBA_KAMASUTRA_160X80	My Custom Style® Telo mare modello "#SummerTime #Kamasutra", in microfibra vellutata, per spiaggia palestra piscina o tempo libero . Formato da 160x80cm. L'asciugamano è personalizzato, con la grafica scelta, utilizzando una stampa sublimatica full print ad alta risoluzione, per un risultato bello e duraturo.	B071K2P4VZ	X000Q84I39		Nuovo	"--"	"--"	Venditore	1		Not Needed		Not Needed		Not Needed		Not Needed		Not Needed		Not Needed		Not Needed		Not Needed		Not Needed		Not Needed		Not Needed		Not Needed		Not Needed		Not Needed		Not Needed		Not Needed		Not Needed		Not Needed		Not Needed		Not Needed		Not Needed		Not Needed		Not Needed		Not Needed		Not Needed		Not Needed		Not Needed		Not Needed		Not Needed		Not Needed		Not Needed		Not Needed		Not Needed		Not Needed		Not Needed		Not Needed		Not Needed		Not Needed
FBA_MCS-SHOPCO10_2	geschenkartikel-shopping Borsa cotone tinta unita con manici lunghi 10 pezzi - Ideale per tessuto pittura	B007NYCYXW	X000NHH3RB	EAN : 0764558150173	Nuovo	Venditore	Busta di plastica	Venditore	250		Not Needed		Not Needed		Not Needed		Not Needed		Not Needed		Not Needed		Not Needed		Not Needed		Not Needed		Not Needed		Not Needed		Not Needed		Not Needed		Not Needed		Not Needed		Not Needed		Not Needed		Not Needed		Not Needed		Not Needed		Not Needed		Not Needed		Not Needed		Not Needed		Not Needed		Not Needed		Not Needed		Not Needed		Not Needed		Not Needed		Not Needed		Not Needed		Not Needed		Not Needed		Not Needed		Not Needed		Not Needed		Not Needed
FBA_MP1211_2496B001	Canon Mp1211Ltsc	B001E42QYO	X000Q8GD3H	EAN : 4960999538471	Nuovo	"--"	"--"	Venditore	20		Not Needed		Not Needed		Not Needed		Not Needed		Not Needed		Not Needed		Not Needed		Not Needed		Not Needed		Not Needed		Not Needed		Not Needed		Not Needed		Not Needed		Not Needed		Not Needed		Not Needed		Not Needed		Not Needed		Not Needed		Not Needed		Not Needed		Not Needed		Not Needed		Not Needed		Not Needed		Not Needed		Not Needed		Not Needed		Not Needed		Not Needed		Not Needed		Not Needed		Not Needed		Not Needed		Not Needed		Not Needed		Not Needed
FBA_PHCM-NW277AA	HP Smartcalc 300S Calcolatrice	B00BOZ649G	X000NKEATR	EAN : 0044111654608	Nuovo	"--"	"--"	Venditore	30		Not Needed		Not Needed		Not Needed		Not Needed		Not Needed		Not Needed		Not Needed		Not Needed		Not Needed		Not Needed		Not Needed		Not Needed		Not Needed		Not Needed		Not Needed		Not Needed		Not Needed		Not Needed		Not Needed		Not Needed		Not Needed		Not Needed		Not Needed		Not Needed		Not Needed		Not Needed		Not Needed		Not Needed		Not Needed		Not Needed		Not Needed		Not Needed		Not Needed		Not Needed		Not Needed		Not Needed		Not Needed		Not Needed
FBA_SALV_MAI_BLU	Salvadanaio in plastica a forma di maiale maialino colorato	B00AZ18NOY	X000Q54D05	EAN : 8714151157002	Nuovo	"--"	"--"	Venditore	4		Not Needed		Not Needed		Not Needed		Not Needed		Not Needed		Not Needed		Not Needed		Not Needed		Not Needed		Not Needed		Not Needed		Not Needed		Not Needed		Not Needed		Not Needed		Not Needed		Not Needed		Not Needed		Not Needed		Not Needed		Not Needed		Not Needed		Not Needed		Not Needed		Not Needed		Not Needed		Not Needed		Not Needed		Not Needed		Not Needed		Not Needed		Not Needed		Not Needed		Not Needed		Not Needed		Not Needed		Not Needed		Not Needed
FS-U48H-DS4S	HP Prime V2 Desktop Graphing Black, Silver calculator - Calculators (Desktop, Graphing, Flash, USB port, Battery, Black, Silver)	B00XH8BODO	X000NX2Q4Z	EAN : 0888182912362	Nuovo	"--"	"--"	Venditore	30		Not Needed		Not Needed		Not Needed		Not Needed		Not Needed		Not Needed		Not Needed		Not Needed		Not Needed		Not Needed		Not Needed		Not Needed		Not Needed		Not Needed		Not Needed		Not Needed		Not Needed		Not Needed		Not Needed		Not Needed		Not Needed		Not Needed		Not Needed		Not Needed		Not Needed		Not Needed		Not Needed		Not Needed		Not Needed		Not Needed		Not Needed		Not Needed		Not Needed		Not Needed		Not Needed		Not Needed		Not Needed		Not Needed
GE-P6J7-61FC	HP HP 10S Calcolatrice	B00ANCVP0O	X000O9V02H	EAN : 5052182959459	Nuovo	"--"	"--"	Venditore	30		Not Needed		Not Needed		Not Needed		Not Needed		Not Needed		Not Needed		Not Needed		Not Needed		Not Needed		Not Needed		Not Needed		Not Needed		Not Needed		Not Needed		Not Needed		Not Needed		Not Needed		Not Needed		Not Needed		Not Needed		Not Needed		Not Needed		Not Needed		Not Needed		Not Needed		Not Needed		Not Needed		Not Needed		Not Needed		Not Needed		Not Needed		Not Needed		Not Needed		Not Needed		Not Needed		Not Needed		Not Needed		Not Needed
JX-ZCJF-G5R8	CONFEZ. 10 PEZZI BORSE SHOPPER COTONE NATURALE - CM 38x42	B00Q8RU6YY	X000PYZPBD	EAN : 8211070066236	Nuovo	"--"	"--"	Venditore	100		Not Needed		Not Needed		Not Needed		Not Needed		Not Needed		Not Needed		Not Needed		Not Needed		Not Needed		Not Needed		Not Needed		Not Needed		Not Needed		Not Needed		Not Needed		Not Needed		Not Needed		Not Needed		Not Needed		Not Needed		Not Needed		Not Needed		Not Needed		Not Needed		Not Needed		Not Needed		Not Needed		Not Needed		Not Needed		Not Needed		Not Needed		Not Needed		Not Needed		Not Needed		Not Needed		Not Needed		Not Needed		Not Needed
KM-C4VB-8F6M	My Custom Style® Telo mare personalizzabile modello "#SummerTime #Unicorno", che si trasforma in Borsa, in microfibra e cotone da 400gr/mq, formato da cm144x72, per spiaggia palestra piscina o tempo libero. L'asciugamano è personalizzata con stampa sublimatica ad alta risoluzione, e quando vuoi risalire dalla spiaggia l'avvolgi su se stessa per trasformarla in una bella borsa mare, anch'essa personalizzata.	B072XKCQ2P	X000PREDNV		Nuovo	"--"	"--"	Venditore	1		Not Needed		Not Needed		Not Needed		Not Needed		Not Needed		Not Needed		Not Needed		Not Needed		Not Needed		Not Needed		Not Needed		Not Needed		Not Needed		Not Needed		Not Needed		Not Needed		Not Needed		Not Needed		Not Needed		Not Needed		Not Needed		Not Needed		Not Needed		Not Needed		Not Needed		Not Needed		Not Needed		Not Needed		Not Needed		Not Needed		Not Needed		Not Needed		Not Needed		Not Needed		Not Needed		Not Needed		Not Needed		Not Needed
M7-POOQ-KCFW	My Custom Style® Telo mare modello "#SummerTime #CrimeScene", in microfibra vellutata, per spiaggia palestra piscina o tempo libero . Formato da 160x80cm. L'asciugamano è personalizzato, con la grafica scelta, utilizzando una stampa sublimatica full print ad alta risoluzione, per un risultato bello e duraturo.	B072K95DBK	X000PP57XD		Nuovo	"--"	"--"	Venditore	1		Not Needed		Not Needed		Not Needed		Not Needed		Not Needed		Not Needed		Not Needed		Not Needed		Not Needed		Not Needed		Not Needed		Not Needed		Not Needed		Not Needed		Not Needed		Not Needed		Not Needed		Not Needed		Not Needed		Not Needed		Not Needed		Not Needed		Not Needed		Not Needed		Not Needed		Not Needed		Not Needed		Not Needed		Not Needed		Not Needed		Not Needed		Not Needed		Not Needed		Not Needed		Not Needed		Not Needed		Not Needed		Not Needed
O9-9ZA7-83X8	10 BORSE SHOPPER IN COTONE, colore beige, ideale per pittura su stoffa	B00B5FKXI8	X000PYW1LF		Nuovo	"--"	"--"	Venditore	100		Not Needed		Not Needed		Not Needed		Not Needed		Not Needed		Not Needed		Not Needed		Not Needed		Not Needed		Not Needed		Not Needed		Not Needed		Not Needed		Not Needed		Not Needed		Not Needed		Not Needed		Not Needed		Not Needed		Not Needed		Not Needed		Not Needed		Not Needed		Not Needed		Not Needed		Not Needed		Not Needed		Not Needed		Not Needed		Not Needed		Not Needed		Not Needed		Not Needed		Not Needed		Not Needed		Not Needed		Not Needed		Not Needed
QG-93YP-9L9X	Aigostar Romeo & Juliet - Bollitore Pack Romeo & Juliet	B01I5B2A7Q	X000O9NLGZ	EAN : 7000000011306	Nuovo	"--"	"--"	Venditore	4		Not Needed		Not Needed		Not Needed		Not Needed		Not Needed		Not Needed		Not Needed		Not Needed		Not Needed		Not Needed		Not Needed		Not Needed		Not Needed		Not Needed		Not Needed		Not Needed		Not Needed		Not Needed		Not Needed		Not Needed		Not Needed		Not Needed		Not Needed		Not Needed		Not Needed		Not Needed		Not Needed		Not Needed		Not Needed		Not Needed		Not Needed		Not Needed		Not Needed		Not Needed		Not Needed		Not Needed		Not Needed		Not Needed
UL-BWDM-BAFC	My Custom Style® CONFEZIONE RISPARMIO DA 3 Cuffie BIANCHE piscina o mare per nuoto, in Spandex (LICRA ELASTICA e TRASPIRANTE), per una vestibilità comoda e senza tirare. Taglia unica. Dimensioni 21x12cm. La cuffia in versione personalizzata (cerca il codice B072MCTTH7 ) è personalizzabile con stampa sublimatica di qualità fotografica con la frase e/o le immagini che desideri, per rendere il Tuo look esclusivo in qualsiasi circostanza.	B071WHNKKD	X000PP5GX9		Nuovo	"--"	"--"	Venditore	1		Not Needed		Not Needed		Not Needed		Not Needed		Not Needed		Not Needed		Not Needed		Not Needed		Not Needed		Not Needed		Not Needed		Not Needed		Not Needed		Not Needed		Not Needed		Not Needed		Not Needed		Not Needed		Not Needed		Not Needed		Not Needed		Not Needed		Not Needed		Not Needed		Not Needed		Not Needed		Not Needed		Not Needed		Not Needed		Not Needed		Not Needed		Not Needed		Not Needed		Not Needed		Not Needed		Not Needed		Not Needed		Not Needed
UP-S188-BTQU	My Custom Style® Telo mare modello "#SummerTime #VideoGame", in microfibra vellutata, per spiaggia palestra piscina o tempo libero . Formato da 160x80cm. L'asciugamano è personalizzato, con la grafica scelta, utilizzando una stampa sublimatica full print ad alta risoluzione, per un risultato bello e duraturo.	B072MVZ9YT	X000PP2IV7		Nuovo	"--"	"--"	Venditore	1		Not Needed		Not Needed		Not Needed		Not Needed		Not Needed		Not Needed		Not Needed		Not Needed		Not Needed		Not Needed		Not Needed		Not Needed		Not Needed		Not Needed		Not Needed		Not Needed		Not Needed		Not Needed		Not Needed		Not Needed		Not Needed		Not Needed		Not Needed		Not Needed		Not Needed		Not Needed		Not Needed		Not Needed		Not Needed		Not Needed		Not Needed		Not Needed		Not Needed		Not Needed		Not Needed		Not Needed		Not Needed		Not Needed
VB-K9SL-DO4K	Prime Graphing Calculator	B00CMWCT26	X000PBIR25	EAN : 0617407455526	Nuovo	"--"	"--"	Venditore	20		Not Needed		Not Needed		Not Needed		Not Needed		Not Needed		Not Needed		Not Needed		Not Needed		Not Needed		Not Needed		Not Needed		Not Needed		Not Needed		Not Needed		Not Needed		Not Needed		Not Needed		Not Needed		Not Needed		Not Needed		Not Needed		Not Needed		Not Needed		Not Needed		Not Needed		Not Needed		Not Needed		Not Needed		Not Needed		Not Needed		Not Needed		Not Needed		Not Needed		Not Needed		Not Needed		Not Needed		Not Needed		Not Needed
